{"cameraMode":{"drawMode":0,"name":"Shaded","section":"Shading Mode"},"sceneLighting":false,"audioPlay":false,"sceneViewState":{"m_AlwaysRefresh":false,"showFog":false,"showSkybox":false,"showFlares":false,"showImageEffects":false,"showParticleSystems":false,"showVisualEffectGraphs":true,"m_FxEnabled":true},"in2DMode":false,"pivot":{"x":-0.3888564109802246,"y":0.6980078220367432,"z":-0.04280450940132141},"rotation":{"x":0.029501596465706826,"y":0.9701981544494629,"z":-0.18188802897930146,"w":0.15736304223537446},"size":1.1239686012268067,"orthographic":false}