{"cameraMode":{"drawMode":0,"name":"Shaded","section":"Shading Mode"},"sceneLighting":false,"audioPlay":false,"sceneViewState":{"m_AlwaysRefresh":false,"showFog":false,"showSkybox":false,"showFlares":false,"showImageEffects":false,"showParticleSystems":false,"showVisualEffectGraphs":true,"m_FxEnabled":true},"in2DMode":false,"pivot":{"x":0.5035169124603272,"y":0.9845963716506958,"z":0.010641098022460938},"rotation":{"x":0.0042221988551318649,"y":0.9875942468643189,"z":-0.1546424925327301,"w":0.02696450799703598},"size":1.123968243598938,"orthographic":false}